variable,valid_n,missing_n,missing_percent
gender,24381,50,0.2
relationship,24324,107,0.44
work_status,24431,0,0.0
education,24335,96,0.39
municipality_type,24271,160,0.65
health_general,24296,135,0.55
health_condition,21399,3032,12.41
family_meet_face,24261,170,0.7
family_meet_tele,24320,111,0.45
social_activities_a,24099,332,1.36
social_support_a,21983,2448,10.02
social_support_b,23587,844,3.45
social_support_c,23766,665,2.72
social_support_d,23379,1052,4.31
close_friends_n,22925,1506,6.16
close_family_n,23078,1353,5.54
adults_n,24430,1,0.0
childr_n_0to5,24431,0,0.0
childr_n_6to15,24430,1,0.0
others_n,24431,0,0.0
