variable,category,n,mean,sd,median,comparison_valid_n
gender_label,Female,12645,5.1270067220245155,1.8687566561134028,5.0,24381
gender_label,In another way,99,6.161616161616162,1.9309882777261314,6.0,24381
gender_label,Male,11637,4.833720030935808,1.8124329093416434,4.0,24381
relationship_label,In a relationship,3503,5.193262917499286,1.8303364828493067,5.0,24324
relationship_label,Married or cohabitating,13160,4.695136778115502,1.7582627392709336,4.0,24324
relationship_label,Separated or divorced,1803,5.239046034387132,1.9233322855309116,5.0,24324
relationship_label,Single,5202,5.523068050749711,1.9108033280710996,6.0,24324
relationship_label,Widowed,656,4.870426829268292,1.855047284633374,4.0,24324
work_status_label,"Doing housework, such as looking after children or other persons",743,5.375504710632571,1.9647274338006084,5.0,24431
work_status_label,In education,1463,5.542036910457963,1.8042290967013064,6.0,24431
work_status_label,"In paid work or away temporarily (employee, self-employed, working for your fami",16024,4.925673989016476,1.8062986201535813,5.0,24431
work_status_label,Other,424,5.28066037735849,1.8941251809657809,5.0,24431
work_status_label,Permanently sick or disabled,521,5.786948176583493,2.089972049684639,6.0,24431
work_status_label,Retired,3534,4.476230899830221,1.724722697293788,4.0,24431
work_status_label,Unemployed and actively looking for a job,1203,5.684954280964256,1.9760625887894332,6.0,24431
work_status_label,Unemployed/ wanting a job but not actively looking for a job,519,5.813102119460501,1.9166366261586856,6.0,24431
education_label,"Completed post secondary vocational studies, or higher education to bachelor lev",9106,4.915769822095322,1.83463521605996,5.0,24335
education_label,Completed primary,1081,5.369102682701203,1.9176876579191384,5.0,24335
education_label,Completed secondary,7820,5.084143222506394,1.8864231689559476,5.0,24335
education_label,"Completed upper level of education to master, doctoral degree or equivalent",6229,4.904960667843956,1.7992423615746156,5.0,24335
education_label,Not completed primary,99,5.505050505050505,1.9292260125831013,6.0,24335
municipality_type_label,A rural area or village,5752,5.036682892906815,1.8694693501421649,5.0,24271
municipality_type_label,"Large town/ city (over 50,000 people)",11044,4.942049981890619,1.8502017675095133,5.0,24271
municipality_type_label,"Small or medium-sized town (50,000 people or less)",7475,5.023545150501672,1.8340962420463498,5.0,24271
health_general_label,Average,8320,5.300721153846154,1.792707230815941,5.0,24296
health_general_label,Fairly good,9299,4.523174534896225,1.6194052019098442,4.0,24296
health_general_label,Fairly poor,2722,6.159808963997061,1.902191534862792,6.0,24296
health_general_label,Very good,3306,4.1845130066545675,1.612305841288171,3.0,24296
health_general_label,Very poor,649,6.858243451463791,1.9833249289950587,7.0,24296
health_condition_label,No,13734,4.620795107033639,1.7021559721641144,4.0,21399
health_condition_label,Yes,7665,5.401304631441618,1.944211033828699,5.0,21399
age_group,16-29,4473,5.488262910798122,1.8392239094740155,6.0,24431
age_group,30-44,7905,5.221252371916509,1.8624250929668809,5.0,24431
age_group,45-59,7526,4.828859952165825,1.8282962901846425,4.0,24431
age_group,60+,4527,4.3726529710625135,1.6618948476707078,4.0,24431
close_friends_group,0,1633,6.080832823025107,2.1261286027408066,6.0,22925
close_friends_group,1-2,7918,5.362717858044961,1.875844277493049,5.0,22925
close_friends_group,3-5,9249,4.744945399502649,1.7133875909784664,4.0,22925
close_friends_group,6+,4125,4.306666666666667,1.5641059480570654,4.0,22925
