variable,blank_before,dont_know,prefer_not_to_say,missing_after,missing_percent
gender,0,0,80,80,0.31
relationship,0,0,182,182,0.71
work_status,0,0,0,0,0.0
education,0,0,162,162,0.63
municipality_type,0,263,0,263,1.03
health_general,0,0,338,338,1.32
health_condition,0,2864,654,3518,13.72
family_meet_face,0,0,421,421,1.64
family_meet_tele,0,0,317,317,1.24
social_activities_a,0,0,608,608,2.37
social_support_a,0,2358,585,2943,11.48
social_support_b,0,752,500,1252,4.88
social_support_c,0,651,399,1050,4.09
social_support_d,0,893,569,1462,5.7
