context_variable,contact_variable,group,contact_frequency_code,n,mean,sd,median,comparison_valid_n,shown_in_plot
age_group,friends_meet_face,16-29,1.0,178,6.522471910112359,2.025836107446688,7.0,24431,True
age_group,friends_meet_face,16-29,2.0,530,6.062264150943396,1.9105444562030722,6.0,24431,True
age_group,friends_meet_face,16-29,3.0,663,5.802413273001508,1.81347596445622,6.0,24431,True
age_group,friends_meet_face,16-29,4.0,670,5.508955223880597,1.7528308381500997,6.0,24431,True
age_group,friends_meet_face,16-29,5.0,915,5.3475409836065575,1.746983009619888,5.0,24431,True
age_group,friends_meet_face,16-29,6.0,813,5.222632226322263,1.7344323637513706,5.0,24431,True
age_group,friends_meet_face,16-29,7.0,704,4.96875,1.8124402182714792,5.0,24431,True
age_group,friends_meet_face,30-44,1.0,354,6.194915254237288,2.1590778428782986,6.0,24431,True
age_group,friends_meet_face,30-44,2.0,1298,5.771956856702619,1.8911185574393337,6.0,24431,True
age_group,friends_meet_face,30-44,3.0,1500,5.42,1.8404324114115096,6.0,24431,True
age_group,friends_meet_face,30-44,4.0,1230,5.2455284552845525,1.7708080392529533,5.0,24431,True
age_group,friends_meet_face,30-44,5.0,1670,4.876646706586826,1.7378507868726039,5.0,24431,True
age_group,friends_meet_face,30-44,6.0,1114,4.743267504488331,1.6862038648247506,4.0,24431,True
age_group,friends_meet_face,30-44,7.0,739,4.843031123139378,1.8941471721780605,4.0,24431,True
age_group,friends_meet_face,45-59,1.0,352,5.684659090909091,2.270834001625187,6.0,24431,True
age_group,friends_meet_face,45-59,2.0,1388,5.351585014409222,1.977965591828463,5.0,24431,True
age_group,friends_meet_face,45-59,3.0,1387,4.9387166546503245,1.7547689947261704,5.0,24431,True
age_group,friends_meet_face,45-59,4.0,1091,4.764436296975252,1.7151403848506226,4.0,24431,True
age_group,friends_meet_face,45-59,5.0,1719,4.554392088423502,1.6910130770790595,4.0,24431,True
age_group,friends_meet_face,45-59,6.0,1017,4.387413962635201,1.6062620135650902,4.0,24431,True
age_group,friends_meet_face,45-59,7.0,572,4.5,1.8053239032918291,4.0,24431,True
age_group,friends_meet_face,60+,1.0,212,5.533018867924528,2.2230682736716267,5.0,24431,True
age_group,friends_meet_face,60+,2.0,889,4.87289088863892,1.8722236713848908,4.0,24431,True
age_group,friends_meet_face,60+,3.0,814,4.326781326781327,1.5852472411557263,4.0,24431,True
age_group,friends_meet_face,60+,4.0,636,4.2924528301886795,1.50464047218178,4.0,24431,True
age_group,friends_meet_face,60+,5.0,1077,4.108635097493036,1.470367052520821,3.0,24431,True
age_group,friends_meet_face,60+,6.0,658,4.01063829787234,1.4190085568796102,3.0,24431,True
age_group,friends_meet_face,60+,7.0,241,4.04149377593361,1.4628526102571302,3.0,24431,True
age_group,friends_meet_tele,16-29,1.0,141,6.340425531914893,1.9886455808415453,7.0,24431,True
age_group,friends_meet_tele,16-29,2.0,263,5.866920152091255,1.8864140679036272,6.0,24431,True
age_group,friends_meet_tele,16-29,3.0,383,5.68668407310705,1.7697295388749699,6.0,24431,True
age_group,friends_meet_tele,16-29,4.0,457,5.739606126914661,1.7358533021626699,6.0,24431,True
age_group,friends_meet_tele,16-29,5.0,727,5.636863823933975,1.7984275537267382,6.0,24431,True
age_group,friends_meet_tele,16-29,6.0,792,5.462121212121212,1.8306505570154372,5.0,24431,True
age_group,friends_meet_tele,16-29,7.0,1710,5.197076023391813,1.830529949152344,5.0,24431,True
age_group,friends_meet_tele,30-44,1.0,294,5.8231292517006805,2.20827077120009,6.0,24431,True
age_group,friends_meet_tele,30-44,2.0,617,5.9076175040518635,1.893141327853147,6.0,24431,True
age_group,friends_meet_tele,30-44,3.0,880,5.660227272727273,1.872320369497642,6.0,24431,True
age_group,friends_meet_tele,30-44,4.0,903,5.566998892580288,1.7573717295398579,6.0,24431,True
age_group,friends_meet_tele,30-44,5.0,1614,5.1053283767038415,1.7885934264412093,5.0,24431,True
age_group,friends_meet_tele,30-44,6.0,1600,4.94125,1.758829685803829,5.0,24431,True
age_group,friends_meet_tele,30-44,7.0,1997,4.888833249874812,1.8407708617497809,4.0,24431,True
age_group,friends_meet_tele,45-59,1.0,299,5.578595317725752,2.2397439705920648,5.0,24431,True
age_group,friends_meet_tele,45-59,2.0,634,5.496845425867508,2.004928245181902,6.0,24431,True
age_group,friends_meet_tele,45-59,3.0,772,5.209844559585492,1.8448249142218853,5.0,24431,True
age_group,friends_meet_tele,45-59,4.0,799,4.986232790988736,1.751779818415149,5.0,24431,True
age_group,friends_meet_tele,45-59,5.0,1710,4.701169590643275,1.7667194560890334,4.0,24431,True
age_group,friends_meet_tele,45-59,6.0,1646,4.606318347509113,1.7037227768674583,4.0,24431,True
age_group,friends_meet_tele,45-59,7.0,1666,4.539015606242497,1.750154688245966,4.0,24431,True
age_group,friends_meet_tele,60+,1.0,196,5.38265306122449,2.1558519291812885,5.0,24431,True
age_group,friends_meet_tele,60+,2.0,405,4.812345679012346,1.894323380082993,4.0,24431,True
age_group,friends_meet_tele,60+,3.0,461,4.631236442516269,1.7688796474087447,4.0,24431,True
age_group,friends_meet_tele,60+,4.0,506,4.5355731225296445,1.7575070574591571,4.0,24431,True
age_group,friends_meet_tele,60+,5.0,1055,4.218009478672986,1.493139853563946,4.0,24431,True
age_group,friends_meet_tele,60+,6.0,1047,4.140401146131805,1.464807373679972,4.0,24431,True
age_group,friends_meet_tele,60+,7.0,857,4.17269544924154,1.5709248843979957,3.0,24431,True
close_friends_group,friends_meet_face,0,1.0,513,6.298245614035087,2.2540624874586825,6.0,22925,True
close_friends_group,friends_meet_face,0,2.0,538,6.223048327137547,2.0538532622819052,6.0,22925,True
close_friends_group,friends_meet_face,0,3.0,214,5.91588785046729,2.0492595494418118,6.0,22925,True
close_friends_group,friends_meet_face,0,4.0,109,5.889908256880734,1.9689226681072944,6.0,22925,True
close_friends_group,friends_meet_face,0,5.0,135,5.437037037037037,1.9608382589399105,5.0,22925,True
close_friends_group,friends_meet_face,0,6.0,66,5.318181818181818,1.9545535859320209,5.0,22925,True
close_friends_group,friends_meet_face,0,7.0,58,6.172413793103448,2.272165139742829,6.0,22925,True
close_friends_group,friends_meet_face,1-2,1.0,296,6.081081081081081,2.1519042052697896,6.0,22925,True
close_friends_group,friends_meet_face,1-2,2.0,1839,5.635671560630778,1.9394955686287312,6.0,22925,True
close_friends_group,friends_meet_face,1-2,3.0,1688,5.394549763033176,1.8585469363919018,5.0,22925,True
close_friends_group,friends_meet_face,1-2,4.0,1198,5.311352253756261,1.7602464344229893,5.0,22925,True
close_friends_group,friends_meet_face,1-2,5.0,1511,5.096624751819987,1.7795551170797415,5.0,22925,True
close_friends_group,friends_meet_face,1-2,6.0,810,5.158024691358024,1.82340667853751,5.0,22925,True
close_friends_group,friends_meet_face,1-2,7.0,576,5.121527777777778,1.9117454149025617,5.0,22925,True
close_friends_group,friends_meet_face,3-5,1.0,122,4.819672131147541,1.8453264328242085,4.5,22925,True
close_friends_group,friends_meet_face,3-5,2.0,1161,5.064599483204135,1.8279805700411618,5.0,22925,True
close_friends_group,friends_meet_face,3-5,3.0,1617,4.893630179344465,1.7212461650422946,5.0,22925,True
close_friends_group,friends_meet_face,3-5,4.0,1473,4.834351663272233,1.6898799251943952,5.0,22925,True
close_friends_group,friends_meet_face,3-5,5.0,2335,4.617987152034261,1.6766510541352113,4.0,22925,True
close_friends_group,friends_meet_face,3-5,6.0,1589,4.55884203901825,1.6091184339111015,4.0,22925,True
close_friends_group,friends_meet_face,3-5,7.0,952,4.576680672268908,1.749388449829186,4.0,22925,True
close_friends_group,friends_meet_face,6+,1.0,42,5.214285714285714,1.9820624179302297,5.0,22925,True
close_friends_group,friends_meet_face,6+,2.0,301,4.6843853820598005,1.8083294420502039,4.0,22925,True
close_friends_group,friends_meet_face,6+,3.0,573,4.495636998254799,1.5950311243294844,4.0,22925,True
close_friends_group,friends_meet_face,6+,4.0,629,4.39268680445151,1.5871730865061382,4.0,22925,True
close_friends_group,friends_meet_face,6+,5.0,1120,4.1866071428571425,1.481491141657159,4.0,22925,True
close_friends_group,friends_meet_face,6+,6.0,917,4.125408942202835,1.4381643031771616,3.0,22925,True
close_friends_group,friends_meet_face,6+,7.0,543,4.281767955801105,1.6128459769358447,4.0,22925,True
close_friends_group,friends_meet_tele,0,1.0,449,6.216035634743875,2.2240791349966242,6.0,22925,True
close_friends_group,friends_meet_tele,0,2.0,384,6.1953125,2.1255326854997874,6.0,22925,True
close_friends_group,friends_meet_tele,0,3.0,196,6.127551020408164,1.9946225457333193,6.0,22925,True
close_friends_group,friends_meet_tele,0,4.0,127,6.015748031496063,2.0039019554656634,6.0,22925,True
close_friends_group,friends_meet_tele,0,5.0,187,6.042780748663102,2.0760510409883204,6.0,22925,True
close_friends_group,friends_meet_tele,0,6.0,135,5.7481481481481485,2.065055810450748,6.0,22925,True
close_friends_group,friends_meet_tele,0,7.0,155,5.735483870967742,2.174460432714163,6.0,22925,True
close_friends_group,friends_meet_tele,1-2,1.0,216,5.74537037037037,2.080915910117098,6.0,22925,True
close_friends_group,friends_meet_tele,1-2,2.0,814,5.547911547911548,1.971391779150495,6.0,22925,True
close_friends_group,friends_meet_tele,1-2,3.0,1076,5.511152416356877,1.8788581814628718,6.0,22925,True
close_friends_group,friends_meet_tele,1-2,4.0,956,5.497907949790795,1.791485334160637,6.0,22925,True
close_friends_group,friends_meet_tele,1-2,5.0,1731,5.20103986135182,1.8205693907408853,5.0,22925,True
close_friends_group,friends_meet_tele,1-2,6.0,1405,5.288256227758007,1.8277413216478353,5.0,22925,True
close_friends_group,friends_meet_tele,1-2,7.0,1720,5.282558139534884,1.9172340376087904,5.0,22925,True
close_friends_group,friends_meet_tele,3-5,1.0,123,4.609756097560975,1.7724399517746552,4.0,22925,True
close_friends_group,friends_meet_tele,3-5,2.0,459,5.148148148148148,1.7420599197589057,5.0,22925,True
close_friends_group,friends_meet_tele,3-5,3.0,725,5.027586206896552,1.7813677608110572,5.0,22925,True
close_friends_group,friends_meet_tele,3-5,4.0,1015,4.9862068965517246,1.7461727369789517,5.0,22925,True
close_friends_group,friends_meet_tele,3-5,5.0,2067,4.703434929850024,1.6837595668024197,4.0,22925,True
close_friends_group,friends_meet_tele,3-5,6.0,2226,4.598831985624439,1.6588552927607267,4.0,22925,True
close_friends_group,friends_meet_tele,3-5,7.0,2634,4.66628701594533,1.7151573211115465,4.0,22925,True
close_friends_group,friends_meet_tele,6+,1.0,43,4.651162790697675,2.0104929617033465,3.0,22925,True
close_friends_group,friends_meet_tele,6+,2.0,119,4.798319327731092,1.7783053823117292,4.0,22925,True
close_friends_group,friends_meet_tele,6+,3.0,291,4.8075601374570445,1.6991106879752427,5.0,22925,True
close_friends_group,friends_meet_tele,6+,4.0,358,4.645251396648045,1.6635378985716072,4.0,22925,True
close_friends_group,friends_meet_tele,6+,5.0,836,4.20933014354067,1.5062215186783783,4.0,22925,True
close_friends_group,friends_meet_tele,6+,6.0,1050,4.150476190476191,1.4522014982502496,4.0,22925,True
close_friends_group,friends_meet_tele,6+,7.0,1428,4.240196078431373,1.5496032779132345,4.0,22925,True
social_support_b,friends_meet_face,1.0,1.0,380,6.2894736842105265,2.3640658007178215,7.0,23587,True
social_support_b,friends_meet_face,1.0,2.0,474,6.3924050632911396,2.102556914247205,6.5,23587,True
social_support_b,friends_meet_face,1.0,3.0,297,6.063973063973064,2.0613762391353974,6.0,23587,True
social_support_b,friends_meet_face,1.0,4.0,157,5.923566878980892,1.9953195273769724,6.0,23587,True
social_support_b,friends_meet_face,1.0,5.0,216,5.333333333333333,2.016213351575117,5.0,23587,True
social_support_b,friends_meet_face,1.0,6.0,130,5.207692307692308,2.093534357526029,5.0,23587,True
social_support_b,friends_meet_face,1.0,7.0,92,5.510869565217392,2.145757712003847,6.0,23587,True
social_support_b,friends_meet_face,2.0,1.0,201,6.3681592039801,2.1222113689562976,7.0,23587,True
social_support_b,friends_meet_face,2.0,2.0,875,6.12,1.920740703806368,6.0,23587,True
social_support_b,friends_meet_face,2.0,3.0,668,5.938622754491018,1.798918354394748,6.0,23587,True
social_support_b,friends_meet_face,2.0,4.0,462,5.575757575757576,1.835329641021324,6.0,23587,True
social_support_b,friends_meet_face,2.0,5.0,536,5.462686567164179,1.8702060116135062,5.0,23587,True
social_support_b,friends_meet_face,2.0,6.0,291,5.446735395189004,1.8307002604293159,6.0,23587,True
social_support_b,friends_meet_face,2.0,7.0,200,5.41,1.8679793183192208,5.0,23587,True
social_support_b,friends_meet_face,3.0,1.0,166,6.0,1.8909673650694172,6.0,23587,True
social_support_b,friends_meet_face,3.0,2.0,776,5.626288659793815,1.8691463331244347,6.0,23587,True
social_support_b,friends_meet_face,3.0,3.0,1026,5.442495126705653,1.7382658059604534,6.0,23587,True
social_support_b,friends_meet_face,3.0,4.0,853,5.38569753810082,1.6664690645647189,6.0,23587,True
social_support_b,friends_meet_face,3.0,5.0,1088,5.141544117647059,1.7034523648794502,5.0,23587,True
social_support_b,friends_meet_face,3.0,6.0,668,5.11377245508982,1.667824667211599,5.0,23587,True
social_support_b,friends_meet_face,3.0,7.0,321,5.133956386292835,1.8003817957844108,5.0,23587,True
social_support_b,friends_meet_face,4.0,1.0,125,5.816,2.134146350455209,6.0,23587,True
social_support_b,friends_meet_face,4.0,2.0,838,5.2756563245823385,1.833357246185357,5.0,23587,True
social_support_b,friends_meet_face,4.0,3.0,1082,5.007393715341959,1.7477197646747187,5.0,23587,True
social_support_b,friends_meet_face,4.0,4.0,1032,4.926356589147287,1.6463235651178243,5.0,23587,True
social_support_b,friends_meet_face,4.0,5.0,1588,4.683249370277078,1.651348846858156,4.0,23587,True
social_support_b,friends_meet_face,4.0,6.0,1103,4.57479601087942,1.618736519988844,4.0,23587,True
social_support_b,friends_meet_face,4.0,7.0,581,4.721170395869191,1.753238188339827,4.0,23587,True
social_support_b,friends_meet_face,5.0,1.0,167,4.808383233532934,1.9725041626126976,4.0,23587,True
social_support_b,friends_meet_face,5.0,2.0,1002,4.565868263473054,1.6405673510640768,4.0,23587,True
social_support_b,friends_meet_face,5.0,3.0,1143,4.239720034995625,1.501405270054862,4.0,23587,True
social_support_b,friends_meet_face,5.0,4.0,1020,4.272549019607843,1.5506595426533212,4.0,23587,True
social_support_b,friends_meet_face,5.0,5.0,1776,4.121621621621622,1.4707916292762702,4.0,23587,True
social_support_b,friends_meet_face,5.0,6.0,1283,4.140296180826189,1.4785904995659283,3.0,23587,True
social_support_b,friends_meet_face,5.0,7.0,970,4.285567010309278,1.7155567979766595,3.0,23587,True
social_support_b,friends_meet_tele,1.0,1.0,324,6.203703703703703,2.345244549854878,6.0,23587,True
social_support_b,friends_meet_tele,1.0,2.0,265,6.260377358490566,2.180347798799046,6.0,23587,True
social_support_b,friends_meet_tele,1.0,3.0,217,6.336405529953917,2.0642934361034158,6.0,23587,True
social_support_b,friends_meet_tele,1.0,4.0,170,6.035294117647059,2.1203274215369206,6.0,23587,True
social_support_b,friends_meet_tele,1.0,5.0,274,5.7773722627737225,2.0177052464731835,6.0,23587,True
social_support_b,friends_meet_tele,1.0,6.0,230,5.647826086956521,2.1560050322018776,6.0,23587,True
social_support_b,friends_meet_tele,1.0,7.0,266,5.7706766917293235,2.174475671517323,6.0,23587,True
social_support_b,friends_meet_tele,2.0,1.0,150,6.273333333333333,2.1043153700749753,6.0,23587,True
social_support_b,friends_meet_tele,2.0,2.0,450,6.033333333333333,1.9460999775177095,6.0,23587,True
social_support_b,friends_meet_tele,2.0,3.0,441,5.829931972789115,1.8154919806282315,6.0,23587,True
social_support_b,friends_meet_tele,2.0,4.0,421,5.961995249406176,1.7494161774381025,6.0,23587,True
social_support_b,friends_meet_tele,2.0,5.0,681,5.641703377386197,1.915331189331708,6.0,23587,True
social_support_b,friends_meet_tele,2.0,6.0,509,5.703339882121807,1.8444449062537753,6.0,23587,True
social_support_b,friends_meet_tele,2.0,7.0,581,5.664371772805508,1.9790072814841708,6.0,23587,True
social_support_b,friends_meet_tele,3.0,1.0,140,5.65,1.7989805266460779,6.0,23587,True
social_support_b,friends_meet_tele,3.0,2.0,390,5.7,1.857313758062135,6.0,23587,True
social_support_b,friends_meet_tele,3.0,3.0,617,5.547811993517018,1.7612530341522386,6.0,23587,True
social_support_b,friends_meet_tele,3.0,4.0,674,5.431750741839763,1.6984218416054757,6.0,23587,True
social_support_b,friends_meet_tele,3.0,5.0,1071,5.214752567693744,1.7332932593280863,5.0,23587,True
social_support_b,friends_meet_tele,3.0,6.0,1010,5.181188118811881,1.681191520882862,5.0,23587,True
social_support_b,friends_meet_tele,3.0,7.0,996,5.303212851405623,1.792342651329365,5.0,23587,True
social_support_b,friends_meet_tele,4.0,1.0,111,5.378378378378378,2.0540605198398167,5.0,23587,True
social_support_b,friends_meet_tele,4.0,2.0,360,5.213888888888889,1.7792760534914214,5.0,23587,True
social_support_b,friends_meet_tele,4.0,3.0,601,5.222961730449251,1.7842473334339988,5.0,23587,True
social_support_b,friends_meet_tele,4.0,4.0,696,5.07183908045977,1.7712362247864333,5.0,23587,True
social_support_b,friends_meet_tele,4.0,5.0,1437,4.761308281141266,1.6646263896182687,4.0,23587,True
social_support_b,friends_meet_tele,4.0,6.0,1530,4.692156862745098,1.656981954365082,4.0,23587,True
social_support_b,friends_meet_tele,4.0,7.0,1614,4.77819083023544,1.7230058362444276,4.0,23587,True
social_support_b,friends_meet_tele,5.0,1.0,156,4.538461538461538,1.9122174777943366,3.0,23587,True
social_support_b,friends_meet_tele,5.0,2.0,367,4.604904632152588,1.733399934351614,4.0,23587,True
social_support_b,friends_meet_tele,5.0,3.0,543,4.476979742173112,1.6465676290858615,4.0,23587,True
social_support_b,friends_meet_tele,5.0,4.0,616,4.496753246753247,1.567968758240645,4.0,23587,True
social_support_b,friends_meet_tele,5.0,5.0,1478,4.178619756427605,1.5021637258898326,4.0,23587,True
social_support_b,friends_meet_tele,5.0,6.0,1627,4.097111247695144,1.4605632586477697,3.0,23587,True
social_support_b,friends_meet_tele,5.0,7.0,2574,4.246309246309246,1.5817949848855484,4.0,23587,True
relationship,friends_meet_face,1.0,1.0,322,6.403726708074534,2.202742221821556,7.0,24324,True
relationship,friends_meet_face,1.0,2.0,798,6.144110275689223,1.954445859492146,6.0,24324,True
relationship,friends_meet_face,1.0,3.0,824,5.821601941747573,1.8335258696694565,6.0,24324,True
relationship,friends_meet_face,1.0,4.0,707,5.364922206506365,1.7867350661161763,5.0,24324,True
relationship,friends_meet_face,1.0,5.0,1048,5.259541984732825,1.7853817369570204,5.0,24324,True
relationship,friends_meet_face,1.0,6.0,893,5.117581187010078,1.8051539241488215,5.0,24324,True
relationship,friends_meet_face,1.0,7.0,610,5.072131147540984,1.8705329840750309,5.0,24324,True
relationship,friends_meet_face,2.0,1.0,129,6.108527131782946,1.953523699615963,6.0,24324,True
relationship,friends_meet_face,2.0,2.0,497,5.653923541247485,1.938819711364246,6.0,24324,True
relationship,friends_meet_face,2.0,3.0,626,5.420127795527157,1.8540793466413923,6.0,24324,True
relationship,friends_meet_face,2.0,4.0,556,5.341726618705036,1.7954255900627942,5.0,24324,True
relationship,friends_meet_face,2.0,5.0,749,4.886515353805073,1.6896008630151018,5.0,24324,True
relationship,friends_meet_face,2.0,6.0,559,4.8604651162790695,1.6981522105608073,5.0,24324,True
relationship,friends_meet_face,2.0,7.0,387,4.790697674418604,1.795248847348605,4.0,24324,True
relationship,friends_meet_face,3.0,1.0,511,5.608610567514677,2.2280397229108138,6.0,24324,True
relationship,friends_meet_face,3.0,2.0,2366,5.169907016060862,1.8776190874187242,5.0,24324,True
relationship,friends_meet_face,3.0,3.0,2453,4.7843456991439055,1.7198722014776657,4.0,24324,True
relationship,friends_meet_face,3.0,4.0,2015,4.7017369727047145,1.6793245794058949,4.0,24324,True
relationship,friends_meet_face,3.0,5.0,2986,4.407233757535164,1.6192729256214538,4.0,24324,True
relationship,friends_meet_face,3.0,6.0,1779,4.2720629567172566,1.5163750973470405,4.0,24324,True
relationship,friends_meet_face,3.0,7.0,1050,4.495238095238095,1.7940894885492662,4.0,24324,True
relationship,friends_meet_face,4.0,1.0,101,5.9504950495049505,2.273219028706923,6.0,24324,True
relationship,friends_meet_face,4.0,2.0,315,5.819047619047619,2.1195824266421672,6.0,24324,True
relationship,friends_meet_face,4.0,3.0,331,5.395770392749244,1.9110159748708702,6.0,24324,True
relationship,friends_meet_face,4.0,4.0,251,5.302788844621514,1.7515570762139212,5.0,24324,True
relationship,friends_meet_face,4.0,5.0,415,4.971084337349398,1.777240038572669,5.0,24324,True
relationship,friends_meet_face,4.0,6.0,263,4.771863117870723,1.7035120738556335,4.0,24324,True
relationship,friends_meet_face,4.0,7.0,127,4.543307086614173,1.7446330651267354,4.0,24324,True
relationship,friends_meet_face,5.0,1.0,26,6.461538461538462,2.0441285523326407,6.5,24324,False
relationship,friends_meet_face,5.0,2.0,118,5.296610169491525,1.873382251546256,5.0,24324,True
relationship,friends_meet_face,5.0,3.0,115,4.747826086956522,1.7463921620083014,4.0,24324,True
relationship,friends_meet_face,5.0,4.0,89,5.01123595505618,1.8432578743680488,5.0,24324,True
relationship,friends_meet_face,5.0,5.0,148,4.743243243243243,1.892058669401517,4.0,24324,True
relationship,friends_meet_face,5.0,6.0,96,4.427083333333333,1.6967138000553437,4.0,24324,True
relationship,friends_meet_face,5.0,7.0,64,4.421875,1.631093580957656,4.0,24324,True
relationship,friends_meet_tele,1.0,1.0,279,6.114695340501792,2.2218096107490983,6.0,24324,True
relationship,friends_meet_tele,1.0,2.0,379,6.060686015831134,1.897927177334606,6.0,24324,True
relationship,friends_meet_tele,1.0,3.0,490,5.838775510204082,1.8756121102048469,6.0,24324,True
relationship,friends_meet_tele,1.0,4.0,524,5.740458015267175,1.9053624086686907,6.0,24324,True
relationship,friends_meet_tele,1.0,5.0,916,5.490174672489083,1.8367563391036925,6.0,24324,True
relationship,friends_meet_tele,1.0,6.0,1013,5.313919052319842,1.8560268620924072,5.0,24324,True
relationship,friends_meet_tele,1.0,7.0,1601,5.276077451592754,1.8774939690975048,5.0,24324,True
relationship,friends_meet_tele,2.0,1.0,112,5.973214285714286,1.9885248343259423,6.0,24324,True
relationship,friends_meet_tele,2.0,2.0,259,5.725868725868726,1.9062694193055125,6.0,24324,True
relationship,friends_meet_tele,2.0,3.0,361,5.479224376731302,1.8349191496156845,6.0,24324,True
relationship,friends_meet_tele,2.0,4.0,378,5.613756613756614,1.7733725049751297,6.0,24324,True
relationship,friends_meet_tele,2.0,5.0,686,5.217201166180758,1.7825746270714524,5.0,24324,True
relationship,friends_meet_tele,2.0,6.0,641,4.887675507020281,1.729302892653505,5.0,24324,True
relationship,friends_meet_tele,2.0,7.0,1066,4.904315196998124,1.8077143377338807,5.0,24324,True
relationship,friends_meet_tele,3.0,1.0,429,5.386946386946387,2.1820031201347545,5.0,24324,True
relationship,friends_meet_tele,3.0,2.0,1076,5.2407063197026025,1.9218830550771258,5.0,24324,True
relationship,friends_meet_tele,3.0,3.0,1394,5.063845050215208,1.8123207965039365,5.0,24324,True
relationship,friends_meet_tele,3.0,4.0,1503,4.927478376580173,1.707096323650347,5.0,24324,True
relationship,friends_meet_tele,3.0,5.0,2982,4.554325955734407,1.686290518038965,4.0,24324,True
relationship,friends_meet_tele,3.0,6.0,2852,4.48562412342216,1.639182901762271,4.0,24324,True
relationship,friends_meet_tele,3.0,7.0,2924,4.44562243502052,1.6972693417152351,4.0,24324,True
relationship,friends_meet_tele,4.0,1.0,86,5.825581395348837,2.2291747904186496,6.0,24324,True
relationship,friends_meet_tele,4.0,2.0,153,6.032679738562091,2.177692829861803,6.0,24324,True
relationship,friends_meet_tele,4.0,3.0,180,5.794444444444444,1.9164014876066044,6.0,24324,True
relationship,friends_meet_tele,4.0,4.0,191,5.37696335078534,1.8134855052073433,5.0,24324,True
relationship,friends_meet_tele,4.0,5.0,371,5.142857142857143,1.8317238752640521,5.0,24324,True
relationship,friends_meet_tele,4.0,6.0,397,4.944584382871536,1.7956040994263458,5.0,24324,True
relationship,friends_meet_tele,4.0,7.0,425,4.896470588235294,1.8489190530731383,5.0,24324,True
relationship,friends_meet_tele,5.0,1.0,16,6.25,1.949358868961793,6.0,24324,False
relationship,friends_meet_tele,5.0,2.0,45,5.266666666666667,2.1256015191427156,5.0,24324,True
relationship,friends_meet_tele,5.0,3.0,64,5.1875,1.9830632068947482,5.0,24324,True
relationship,friends_meet_tele,5.0,4.0,58,5.362068965517241,2.006115875875822,5.5,24324,True
relationship,friends_meet_tele,5.0,5.0,133,4.706766917293233,1.7090753963510195,4.0,24324,True
relationship,friends_meet_tele,5.0,6.0,164,4.701219512195122,1.7590428171310597,4.0,24324,True
relationship,friends_meet_tele,5.0,7.0,176,4.6477272727272725,1.7827091596926146,4.0,24324,True
health_general,friends_meet_face,1.0,1.0,144,4.388888888888889,1.8814929019306825,3.0,24296,True
health_general,friends_meet_face,1.0,2.0,363,4.366391184573002,1.7146347423257775,4.0,24296,True
health_general,friends_meet_face,1.0,3.0,465,4.354838709677419,1.6715492071568243,4.0,24296,True
health_general,friends_meet_face,1.0,4.0,431,4.396751740139211,1.6147254446126504,4.0,24296,True
health_general,friends_meet_face,1.0,5.0,778,4.059125964010283,1.5435672992385756,3.0,24296,True
health_general,friends_meet_face,1.0,6.0,593,3.942664418212479,1.36439435022939,3.0,24296,True
health_general,friends_meet_face,1.0,7.0,532,4.137218045112782,1.7090559076557355,3.0,24296,True
health_general,friends_meet_face,2.0,1.0,257,5.190661478599222,1.9800347096356339,5.0,24296,True
health_general,friends_meet_face,2.0,2.0,1365,4.891575091575092,1.779228702368583,5.0,24296,True
health_general,friends_meet_face,2.0,3.0,1640,4.602439024390244,1.6130928315388278,4.0,24296,True
health_general,friends_meet_face,2.0,4.0,1414,4.497171145685997,1.5583686564755184,4.0,24296,True
health_general,friends_meet_face,2.0,5.0,2246,4.340160284951024,1.5163720539244738,4.0,24296,True
health_general,friends_meet_face,2.0,6.0,1509,4.309476474486415,1.5113352622138163,4.0,24296,True
health_general,friends_meet_face,2.0,7.0,868,4.483870967741935,1.6297317564847982,4.0,24296,True
health_general,friends_meet_face,3.0,1.0,369,6.130081300813008,2.091491626001187,6.0,24296,True
health_general,friends_meet_face,3.0,2.0,1541,5.587280986372486,1.8293265220408683,6.0,24296,True
health_general,friends_meet_face,3.0,3.0,1608,5.411691542288557,1.776122518402507,6.0,24296,True
health_general,friends_meet_face,3.0,4.0,1321,5.279333838001514,1.7006963399562214,5.0,24296,True
health_general,friends_meet_face,3.0,5.0,1759,5.043774872086413,1.713499458783081,5.0,24296,True
health_general,friends_meet_face,3.0,6.0,1116,5.004480286738351,1.700692973655865,5.0,24296,True
health_general,friends_meet_face,3.0,7.0,606,5.1105610561056105,1.8459660774445208,5.0,24296,True
health_general,friends_meet_face,4.0,1.0,214,7.0,2.0669543946307978,8.0,24296,True
health_general,friends_meet_face,4.0,2.0,637,6.549450549450549,1.8790856148520425,6.0,24296,True
health_general,friends_meet_face,4.0,3.0,516,6.170542635658915,1.7948103440180547,6.0,24296,True
health_general,friends_meet_face,4.0,4.0,362,6.058011049723757,1.7454188299214397,6.0,24296,True
health_general,friends_meet_face,4.0,5.0,484,5.8347107438016526,1.8531920084252933,6.0,24296,True
health_general,friends_meet_face,4.0,6.0,319,5.717868338557993,1.8382793349837674,6.0,24296,True
health_general,friends_meet_face,4.0,7.0,190,5.6421052631578945,2.033662682011193,6.0,24296,True
health_general,friends_meet_face,5.0,1.0,86,7.558139534883721,1.6634807671427696,8.0,24296,True
health_general,friends_meet_face,5.0,2.0,180,7.305555555555555,1.8311312320735254,8.0,24296,True
health_general,friends_meet_face,5.0,3.0,113,6.8584070796460175,1.9496668975437836,7.0,24296,True
health_general,friends_meet_face,5.0,4.0,81,6.728395061728395,2.2023416269905334,7.0,24296,True
health_general,friends_meet_face,5.0,5.0,95,6.11578947368421,1.9939437981299228,6.0,24296,True
health_general,friends_meet_face,5.0,6.0,51,6.098039215686274,1.9209883077289598,6.0,24296,True
health_general,friends_meet_face,5.0,7.0,43,6.372093023255814,2.012144743136318,6.0,24296,True
health_general,friends_meet_tele,1.0,1.0,110,4.627272727272727,2.0312200469338344,3.5,24296,True
health_general,friends_meet_tele,1.0,2.0,212,4.556603773584905,1.7956249551900678,4.0,24296,True
health_general,friends_meet_tele,1.0,3.0,284,4.376760563380282,1.686243048133687,4.0,24296,True
health_general,friends_meet_tele,1.0,4.0,306,4.437908496732026,1.6804763780468528,4.0,24296,True
health_general,friends_meet_tele,1.0,5.0,679,4.103092783505154,1.5442268092094436,3.0,24296,True
health_general,friends_meet_tele,1.0,6.0,645,4.125581395348838,1.5785970985825766,3.0,24296,True
health_general,friends_meet_tele,1.0,7.0,1070,4.028971962616822,1.5170073775973008,3.0,24296,True
health_general,friends_meet_tele,2.0,1.0,264,4.893939393939394,1.9155460687647494,4.5,24296,True
health_general,friends_meet_tele,2.0,2.0,619,4.9321486268174475,1.7940707100062019,5.0,24296,True
health_general,friends_meet_tele,2.0,3.0,883,4.904869762174405,1.7463954000883422,5.0,24296,True
health_general,friends_meet_tele,2.0,4.0,962,4.708939708939709,1.6020613407561497,4.0,24296,True
health_general,friends_meet_tele,2.0,5.0,2004,4.410179640718563,1.5345630785020927,4.0,24296,True
health_general,friends_meet_tele,2.0,6.0,2110,4.331753554502369,1.5183050168387022,4.0,24296,True
health_general,friends_meet_tele,2.0,7.0,2457,4.426943426943427,1.5974246814296231,4.0,24296,True
health_general,friends_meet_tele,3.0,1.0,296,5.9391891891891895,2.1256348247415207,6.0,24296,True
health_general,friends_meet_tele,3.0,2.0,710,5.614084507042254,1.8430133979301506,6.0,24296,True
health_general,friends_meet_tele,3.0,3.0,942,5.553078556263269,1.747883515096245,6.0,24296,True
health_general,friends_meet_tele,3.0,4.0,986,5.5141987829614605,1.7141694403091798,6.0,24296,True
health_general,friends_meet_tele,3.0,5.0,1762,5.183314415437003,1.7429650019982381,5.0,24296,True
health_general,friends_meet_tele,3.0,6.0,1699,5.0529723366686286,1.7291978317028898,5.0,24296,True
health_general,friends_meet_tele,3.0,7.0,1925,5.18025974025974,1.8161967455566639,5.0,24296,True
health_general,friends_meet_tele,4.0,1.0,169,6.769230769230769,2.0148259998133367,7.0,24296,True
health_general,friends_meet_tele,4.0,2.0,299,6.789297658862877,1.8150431729925085,7.0,24296,True
health_general,friends_meet_tele,4.0,3.0,291,6.391752577319588,1.8282648700674204,6.0,24296,True
health_general,friends_meet_tele,4.0,4.0,318,6.30503144654088,1.828112013015346,6.0,24296,True
health_general,friends_meet_tele,4.0,5.0,524,6.001908396946565,1.885335423445085,6.0,24296,True
health_general,friends_meet_tele,4.0,6.0,510,5.858823529411764,1.8058164560449346,6.0,24296,True
health_general,friends_meet_tele,4.0,7.0,611,5.88379705400982,1.952194893704955,6.0,24296,True
health_general,friends_meet_tele,5.0,1.0,70,7.4,1.812996558667206,8.0,24296,True
health_general,friends_meet_tele,5.0,2.0,71,7.492957746478873,1.6201696510517454,8.0,24296,True
health_general,friends_meet_tele,5.0,3.0,79,7.075949367088608,1.9596712956889049,8.0,24296,True
health_general,friends_meet_tele,5.0,4.0,80,6.475,2.049853344553511,6.5,24296,True
health_general,friends_meet_tele,5.0,5.0,116,6.991379310344827,1.8438885642796479,7.0,24296,True
health_general,friends_meet_tele,5.0,6.0,107,6.626168224299065,2.125866591272001,7.0,24296,True
health_general,friends_meet_tele,5.0,7.0,126,6.380952380952381,2.070196678027062,6.0,24296,True
family_meet_face_group,friends_meet_face,Monthly or less,1.0,765,5.900653594771242,2.23385706196745,6.0,24261,True
family_meet_face_group,friends_meet_face,Monthly or less,2.0,2560,5.622265625,1.9944952438145036,6.0,24261,True
family_meet_face_group,friends_meet_face,Monthly or less,3.0,2221,5.261593876632148,1.8330074187388545,5.0,24261,True
family_meet_face_group,friends_meet_face,Monthly or less,4.0,1071,5.223155929038282,1.8023001225484572,5.0,24261,True
family_meet_face_group,friends_meet_face,Monthly or less,5.0,1134,5.061728395061729,1.8133755790228245,5.0,24261,True
family_meet_face_group,friends_meet_face,Monthly or less,6.0,630,4.9603174603174605,1.7867236655642473,5.0,24261,True
family_meet_face_group,friends_meet_face,Monthly or less,7.0,353,5.036827195467422,1.8173104240718265,5.0,24261,True
family_meet_face_group,friends_meet_face,Every two weeks,1.0,83,6.036144578313253,2.1777465592678986,6.0,24261,True
family_meet_face_group,friends_meet_face,Every two weeks,2.0,463,5.313174946004319,1.9270177668243367,5.0,24261,True
family_meet_face_group,friends_meet_face,Every two weeks,3.0,714,5.196078431372549,1.8017246761663261,5.0,24261,True
family_meet_face_group,friends_meet_face,Every two weeks,4.0,1034,4.996131528046422,1.7171715544035897,5.0,24261,True
family_meet_face_group,friends_meet_face,Every two weeks,5.0,676,4.871301775147929,1.7186572081620042,5.0,24261,True
family_meet_face_group,friends_meet_face,Every two weeks,6.0,310,4.838709677419355,1.652629055686401,5.0,24261,True
family_meet_face_group,friends_meet_face,Every two weeks,7.0,152,4.907894736842105,1.7655843943994716,5.0,24261,True
family_meet_face_group,friends_meet_face,At least weekly,1.0,226,6.154867256637168,2.1659790149980678,6.0,24261,True
family_meet_face_group,friends_meet_face,At least weekly,2.0,1054,5.190702087286527,1.8501992604518194,5.0,24261,True
family_meet_face_group,friends_meet_face,At least weekly,3.0,1400,4.8464285714285715,1.792682717163135,5.0,24261,True
family_meet_face_group,friends_meet_face,At least weekly,4.0,1505,4.796677740863787,1.7266264666266204,4.0,24261,True
family_meet_face_group,friends_meet_face,At least weekly,5.0,3544,4.544582392776523,1.6676223042326404,4.0,24261,True
family_meet_face_group,friends_meet_face,At least weekly,6.0,2635,4.503605313092979,1.6430424107506447,4.0,24261,True
family_meet_face_group,friends_meet_face,At least weekly,7.0,1731,4.6268053148469095,1.827363657944517,4.0,24261,True
family_meet_face_group,friends_meet_tele,Monthly or less,1.0,593,5.8263069139966275,2.2137124911520285,6.0,24261,True
family_meet_face_group,friends_meet_tele,Monthly or less,2.0,1202,5.6547420965058235,2.0173514532599306,6.0,24261,True
family_meet_face_group,friends_meet_tele,Monthly or less,3.0,1304,5.458588957055214,1.8890490657313772,6.0,24261,True
family_meet_face_group,friends_meet_tele,Monthly or less,4.0,1105,5.429864253393665,1.8549811709555561,5.0,24261,True
family_meet_face_group,friends_meet_tele,Monthly or less,5.0,1664,5.15625,1.8356028336976313,5.0,24261,True
family_meet_face_group,friends_meet_tele,Monthly or less,6.0,1339,5.155339805825243,1.8693678380384737,5.0,24261,True
family_meet_face_group,friends_meet_tele,Monthly or less,7.0,1527,5.2239685658153245,1.9124690440262178,5.0,24261,True
family_meet_face_group,friends_meet_tele,Every two weeks,1.0,86,5.77906976744186,2.266903370060772,6.0,24261,True
family_meet_face_group,friends_meet_tele,Every two weeks,2.0,238,5.470588235294118,1.8387462680242872,5.0,24261,True
family_meet_face_group,friends_meet_tele,Every two weeks,3.0,428,5.322429906542056,1.8296956356720047,5.0,24261,True
family_meet_face_group,friends_meet_tele,Every two weeks,4.0,581,5.289156626506024,1.6884096203574237,5.0,24261,True
family_meet_face_group,friends_meet_tele,Every two weeks,5.0,817,4.9804161566707466,1.8026691330002784,5.0,24261,True
family_meet_face_group,friends_meet_tele,Every two weeks,6.0,667,4.772113943028486,1.729170902780148,4.0,24261,True
family_meet_face_group,friends_meet_tele,Every two weeks,7.0,615,4.835772357723577,1.6845789391317516,5.0,24261,True
family_meet_face_group,friends_meet_tele,At least weekly,1.0,231,5.471861471861472,2.1198514094430827,5.0,24261,True
family_meet_face_group,friends_meet_tele,At least weekly,2.0,469,5.268656716417911,1.903746449021243,5.0,24261,True
family_meet_face_group,friends_meet_tele,At least weekly,3.0,754,5.13395225464191,1.8422050785681303,5.0,24261,True
family_meet_face_group,friends_meet_tele,At least weekly,4.0,963,4.94392523364486,1.7773616722982128,5.0,24261,True
family_meet_face_group,friends_meet_tele,At least weekly,5.0,2596,4.627503852080123,1.7030852910690288,4.0,24261,True
family_meet_face_group,friends_meet_tele,At least weekly,6.0,3047,4.559894978667542,1.660717907399009,4.0,24261,True
family_meet_face_group,friends_meet_tele,At least weekly,7.0,4035,4.6032218091697645,1.7604252903476427,4.0,24261,True
family_meet_tele_group,friends_meet_face,Monthly or less,1.0,511,5.933463796477495,2.216576484563982,6.0,24320,True
family_meet_tele_group,friends_meet_face,Monthly or less,2.0,1170,5.664957264957265,1.9872698467626937,6.0,24320,True
family_meet_tele_group,friends_meet_face,Monthly or less,3.0,957,5.5736677115987465,1.8579402220061925,6.0,24320,True
family_meet_tele_group,friends_meet_face,Monthly or less,4.0,592,5.39695945945946,1.7834141514462436,6.0,24320,True
family_meet_tele_group,friends_meet_face,Monthly or less,5.0,554,5.194945848375451,1.7589583924462384,5.0,24320,True
family_meet_tele_group,friends_meet_face,Monthly or less,6.0,310,5.038709677419355,1.8691287656618232,5.0,24320,True
family_meet_tele_group,friends_meet_face,Monthly or less,7.0,190,5.11578947368421,1.8074692640898076,5.0,24320,True
family_meet_tele_group,friends_meet_face,Every two weeks,1.0,75,5.96,2.2687060248139312,6.0,24320,True
family_meet_tele_group,friends_meet_face,Every two weeks,2.0,428,5.759345794392523,1.8992249231509235,6.0,24320,True
family_meet_tele_group,friends_meet_face,Every two weeks,3.0,471,5.552016985138004,1.7736100844395826,6.0,24320,True
family_meet_tele_group,friends_meet_face,Every two weeks,4.0,422,5.398104265402844,1.7498683244742712,5.0,24320,True
family_meet_tele_group,friends_meet_face,Every two weeks,5.0,368,5.307065217391305,1.8924067619524438,5.0,24320,True
family_meet_tele_group,friends_meet_face,Every two weeks,6.0,176,5.306818181818182,1.7294620438272017,5.0,24320,True
family_meet_tele_group,friends_meet_face,Every two weeks,7.0,88,5.2272727272727275,1.9041833723592603,5.0,24320,True
family_meet_tele_group,friends_meet_face,At least weekly,1.0,499,5.979959919839679,2.207053133145395,6.0,24320,True
family_meet_tele_group,friends_meet_face,At least weekly,2.0,2488,5.337620578778135,1.9441745088957307,5.0,24320,True
family_meet_tele_group,friends_meet_face,At least weekly,3.0,2918,4.8985606579849215,1.783823816953127,5.0,24320,True
family_meet_tele_group,friends_meet_face,At least weekly,4.0,2601,4.814302191464821,1.7203876976378494,5.0,24320,True
family_meet_tele_group,friends_meet_face,At least weekly,5.0,4440,4.584234234234234,1.6760975763567274,4.0,24320,True
family_meet_tele_group,friends_meet_face,At least weekly,6.0,3101,4.531118993872944,1.6418171499592793,4.0,24320,True
family_meet_tele_group,friends_meet_face,At least weekly,7.0,1961,4.63590005099439,1.81293997283615,4.0,24320,True
family_meet_tele_group,friends_meet_tele,Monthly or less,1.0,525,5.674285714285714,2.2194932959418114,6.0,24320,True
family_meet_tele_group,friends_meet_tele,Monthly or less,2.0,872,5.577981651376147,1.9724559244620337,6.0,24320,True
family_meet_tele_group,friends_meet_tele,Monthly or less,3.0,886,5.560948081264108,1.8631753478839355,6.0,24320,True
family_meet_tele_group,friends_meet_tele,Monthly or less,4.0,564,5.6046099290780145,1.7914480157745942,6.0,24320,True
family_meet_tele_group,friends_meet_tele,Monthly or less,5.0,596,5.385906040268456,1.8585444791752217,5.0,24320,True
family_meet_tele_group,friends_meet_tele,Monthly or less,6.0,404,5.376237623762377,1.9336461150462732,5.0,24320,True
family_meet_tele_group,friends_meet_tele,Monthly or less,7.0,437,5.2356979405034325,1.8602080825503526,5.0,24320,True
family_meet_tele_group,friends_meet_tele,Every two weeks,1.0,70,5.928571428571429,2.1149668758938907,6.0,24320,True
family_meet_tele_group,friends_meet_tele,Every two weeks,2.0,208,5.778846153846154,1.923446638559568,6.0,24320,True
family_meet_tele_group,friends_meet_tele,Every two weeks,3.0,355,5.650704225352112,1.7856041753499832,6.0,24320,True
family_meet_tele_group,friends_meet_tele,Every two weeks,4.0,532,5.417293233082707,1.8015273402154015,6.0,24320,True
family_meet_tele_group,friends_meet_tele,Every two weeks,5.0,416,5.384615384615385,1.8238457570996658,5.0,24320,True
family_meet_tele_group,friends_meet_tele,Every two weeks,6.0,232,5.366379310344827,1.8326733467152732,5.0,24320,True
family_meet_tele_group,friends_meet_tele,Every two weeks,7.0,215,5.404651162790698,1.9137907639092477,5.0,24320,True
family_meet_tele_group,friends_meet_tele,At least weekly,1.0,320,5.7875,2.1710188585114922,6.0,24320,True
family_meet_tele_group,friends_meet_tele,At least weekly,2.0,829,5.436670687575392,1.9823877940655388,5.0,24320,True
family_meet_tele_group,friends_meet_tele,At least weekly,3.0,1249,5.080864691753403,1.8632823314197073,5.0,24320,True
family_meet_tele_group,friends_meet_tele,At least weekly,4.0,1557,5.017341040462428,1.7822554007675888,5.0,24320,True
family_meet_tele_group,friends_meet_tele,At least weekly,5.0,4076,4.729146221786065,1.740247315394177,4.0,24320,True
family_meet_tele_group,friends_meet_tele,At least weekly,6.0,4432,4.654557761732852,1.7030862591075537,4.0,24320,True
family_meet_tele_group,friends_meet_tele,At least weekly,7.0,5545,4.716681695220919,1.7918318630774757,4.0,24320,True
