variable,category_code,n,mean,median,sd,comparison_valid_n,percent_of_valid
social_support_a,1.0,2390,5.688284518828452,6.0,2.134526705280968,21983,10.872037483509985
social_support_a,2.0,2564,5.7874414976599065,6.0,1.8833682414702646,21983,11.66355820406678
social_support_a,3.0,3877,5.431003353108073,6.0,1.7462028240214067,21983,17.63635536550971
social_support_a,4.0,6026,4.879688018586127,5.0,1.7398322909340311,21983,27.412091161351952
social_support_a,5.0,7126,4.332444569183273,4.0,1.6217572801977327,21983,32.415957785561574
social_support_b,1.0,1746,6.006300114547537,6.0,2.1747351976260663,23587,7.402382668419045
social_support_b,2.0,3233,5.806681101144448,6.0,1.9020064711780638,23587,13.706702844787383
social_support_b,3.0,4898,5.348713760718661,5.0,1.752876040178101,23587,20.76567600797049
social_support_b,4.0,6349,4.863128051661679,5.0,1.7259490634555334,23587,26.917369737567306
social_support_b,5.0,7361,4.261785083548431,4.0,1.5663123119914324,23587,31.207868741255776
social_support_c,1.0,995,6.293467336683417,6.0,2.2212408702593924,23766,4.186653202053353
social_support_c,2.0,2868,6.027196652719665,6.0,1.9287878999125139,23766,12.06765968189851
social_support_c,3.0,5709,5.431774391311963,6.0,1.7634594097814498,23766,24.021711688967432
social_support_c,4.0,7817,4.741716771139823,4.0,1.6785389812825817,23766,32.89152570899604
social_support_c,5.0,6377,4.211227850086248,4.0,1.5556629504764934,23766,26.832449718084657
social_support_d,1.0,1886,6.1118769883351005,6.0,2.110651772499196,23379,8.067068736900637
social_support_d,2.0,2494,5.9101844426623895,6.0,1.8856054593466356,23379,10.667693228966167
social_support_d,3.0,4164,5.503842459173871,6.0,1.7573795896209057,23379,17.810855896317207
social_support_d,4.0,6241,4.939593013940073,5.0,1.7246435234719482,23379,26.694897129902905
social_support_d,5.0,8594,4.2643704910402604,4.0,1.5664552903600255,23379,36.759485007913085
family_meet_face,1.0,1060,5.566981132075472,6.0,2.1334700306525898,24261,4.36915213717489
family_meet_face,2.0,3843,5.444184231069477,5.0,1.9491704289663294,24261,15.840237418078397
family_meet_face,3.0,3831,5.22239624119029,5.0,1.83813096145614,24261,15.790775318412267
family_meet_face,4.0,3432,5.062937062937063,5.0,1.7858543878518236,24261,14.146160504513416
family_meet_face,5.0,5537,4.78219252302691,4.0,1.7577925277424402,24261,22.82263715428053
family_meet_face,6.0,3678,4.609298531810767,4.0,1.712514686533886,24261,15.160133547669098
family_meet_face,7.0,2880,4.658333333333333,4.0,1.8061490431576603,24261,11.870903919871399
family_meet_tele,1.0,827,5.3748488512696495,5.0,2.136899627848553,24320,3.4004934210526314
family_meet_tele,2.0,1530,5.6647058823529415,6.0,1.9200832016879448,24320,6.291118421052632
family_meet_tele,3.0,1927,5.443175921120913,6.0,1.8406858742673287,24320,7.923519736842105
family_meet_tele,4.0,2028,5.499013806706114,6.0,1.8475437403557147,24320,8.338815789473685
family_meet_tele,5.0,4691,4.953528032402473,5.0,1.8115872666073363,24320,19.288651315789473
family_meet_tele,6.0,5306,4.806822465133811,4.0,1.7992035638152906,24320,21.817434210526315
family_meet_tele,7.0,8011,4.72275621021096,4.0,1.7763616936807498,24320,32.93996710526316
social_activities_a,1.0,9967,5.113775459014748,5.0,1.9561975034321073,24099,41.35856259595834
social_activities_a,2.0,5189,4.901715166698786,5.0,1.7581112130891745,24099,21.53201377650525
social_activities_a,3.0,3333,4.7905790579057905,5.0,1.6851359375363948,24099,13.830449396240509
social_activities_a,4.0,1805,5.136842105263158,5.0,1.7889163562028332,24099,7.489937341798415
social_activities_a,5.0,2390,4.803765690376569,4.0,1.7743068979458438,24099,9.917423959500395
social_activities_a,6.0,1040,4.993269230769231,5.0,1.843478969473384,24099,4.315531764803519
social_activities_a,7.0,375,5.285333333333333,5.0,2.0905116261767196,24099,1.5560811651935764
